{
  "Profiles": [
    {
      "ASCII Anti Aliased": true,
      "ASCII Ligatures": true,
      "AWDS Pane Directory": "",
      "AWDS Pane Option": "Recycle",
      "AWDS Tab Directory": "",
      "AWDS Tab Option": "Recycle",
      "AWDS Window Directory": "",
      "AWDS Window Option": "Recycle",
      "Ambiguous Double Width": false,
      "Ansi 0 Color": {
        "Blue Component": 0.40253299474716187,
        "Green Component": 0.3561601936817169,
        "Red Component": 0.2628658711910248
      },
      "Ansi 1 Color": {
        "Blue Component": 0.25575384497642517,
        "Green Component": 0.2209840565919876,
        "Red Component": 0.9871404767036438
      },
      "Ansi 10 Color": {
        "Blue Component": 0.7465908527374268,
        "Green Component": 0.9671228528022766,
        "Red Component": 0.6780069470405579
      },
      "Ansi 11 Color": {
        "Blue Component": 0.4251163899898529,
        "Green Component": 0.8826228380203247,
        "Red Component": 0.9976593852043152
      },
      "Ansi 12 Color": {
        "Blue Component": 0.9989860653877258,
        "Green Component": 0.810665488243103,
        "Red Component": 0.43880558013916016
      },
      "Ansi 13 Color": {
        "Blue Component": 0.6076607704162598,
        "Green Component": 0.40164706110954285,
        "Red Component": 0.9887651801109314
      },
      "Ansi 14 Color": {
        "Blue Component": 0.9018253684043884,
        "Green Component": 1,
        "Red Component": 0.6029278635978699
      },
      "Ansi 15 Color": {
        "Blue Component": 0.9999912977218628,
        "Green Component": 0.9999743700027466,
        "Red Component": 1
      },
      "Ansi 2 Color": {
        "Blue Component": 0.6204219460487366,
        "Green Component": 0.9438887238502502,
        "Red Component": 0.36202818155288696
      },
      "Ansi 3 Color": {
        "Blue Component": 0.19727933406829834,
        "Green Component": 0.8167225122451782,
        "Red Component": 0.9962705373764038
      },
      "Ansi 4 Color": {
        "Blue Component": 0.9987152814865112,
        "Green Component": 0.7149810791015625,
        "Red Component": 0.215079665184021
      },
      "Ansi 5 Color": {
        "Blue Component": 0.4318266808986664,
        "Green Component": 0.1331098973751068,
        "Red Component": 0.986469566822052
      },
      "Ansi 6 Color": {
        "Blue Component": 0.8206287026405334,
        "Green Component": 1,
        "Red Component": 0.3486000895500183
      },
      "Ansi 7 Color": {
        "Blue Component": 0.9999912977218628,
        "Green Component": 0.9999743700027466,
        "Red Component": 1
      },
      "Ansi 8 Color": {
        "Blue Component": 0.7232108116149902,
        "Green Component": 0.691678524017334,
        "Red Component": 0.6306197643280029
      },
      "Ansi 9 Color": {
        "Blue Component": 0.4281840920448303,
        "Green Component": 0.4531041979789734,
        "Red Component": 0.9895819425582886
      },
      "BM Growl": true,
      "Background Color": {
        "Blue Component": 0.16608485579490662,
        "Green Component": 0.14745020866394043,
        "Red Component": 0.11278382688760757
      },
      "Background Image Location": "~/.config/iterm2/xsfce-v2.png",
      "Background Image Mode": 0,
      "Badge Color": {
        "Alpha Component": 0.5,
        "Blue Component": 0,
        "Color Space": "sRGB",
        "Green Component": 0.1491314172744751,
        "Red Component": 1
      },
      "Badge Font": "Helvetica-Bold",
      "Badge Max Height": 0.18,
      "Badge Max Width": 0.44,
      "Badge Right Margin": 10,
      "Badge Text": ".",
      "Badge Top Margin": 32,
      "Blink Allowed": false,
      "Blinking Cursor": true,
      "Blur": true,
      "Blur Radius": 17.775878410532993,
      "Bold Color": {
        "Blue Component": 0.9164876937866211,
        "Green Component": 0.9167128801345825,
        "Red Component": 0.9165446162223816
      },
      "Bound Hosts": [],
      "Character Encoding": 4,
      "Close Sessions On End": true,
      "Columns": 140,
      "Command": "",
      "Cursor Boost": 0.20556530898876405,
      "Cursor Color": {
        "Blue Component": 0.9164876937866211,
        "Green Component": 0.9167128801345825,
        "Red Component": 0.9165446162223816
      },
      "Cursor Guide Color": {
        "Alpha Component": 0.25,
        "Blue Component": 1,
        "Color Space": "sRGB",
        "Green Component": 0.9268307089805603,
        "Red Component": 0.7021318674087524
      },
      "Cursor Text Color": {
        "Blue Component": 0,
        "Green Component": 0,
        "Red Component": 0
      },
      "Cursor Type": 0,
      "Custom Command": "No",
      "Custom Directory": "Advanced",
      "Custom Window Title": "test",
      "Default Bookmark": "No",
      "Description": "Default",
      "Disable Window Resizing": false,
      "Draw Powerline Glyphs": false,
      "Dynamic Profile Parent Name": "personal",
      "Flashing Bell": false,
      "Foreground Color": {
        "Blue Component": 0.9311590194702148,
        "Green Component": 0.9214292764663696,
        "Red Component": 0.9073097705841064
      },
      "Guid": "F2644C5A-0F70-4829-9880-A7856FE0DD94",
      "Has Hotkey": false,
      "Hide After Opening": false,
      "Horizontal Spacing": 1,
      "HotKey Activated By Modifier": false,
      "HotKey Alternate Shortcuts": [],
      "HotKey Characters": "",
      "HotKey Characters Ignoring Modifiers": "",
      "HotKey Key Code": 0,
      "HotKey Modifier Activation": 0,
      "HotKey Modifier Flags": 0,
      "HotKey Window Animates": true,
      "HotKey Window AutoHides": true,
      "HotKey Window Dock Click Action": 0,
      "HotKey Window Floats": true,
      "HotKey Window Reopens On Activation": false,
      "Icon": 1,
      "Idle Code": 0,
      "Jobs to Ignore": [
        "rlogin",
        "ssh",
        "slogin",
        "telnet"
      ],
      "Keyboard Map": {
        "0x2d-0x40000": {
          "Action": 11,
          "Text": "0x1f"
        },
        "0x32-0x40000": {
          "Action": 11,
          "Text": "0x00"
        },
        "0x33-0x40000": {
          "Action": 11,
          "Text": "0x1b"
        },
        "0x34-0x40000": {
          "Action": 11,
          "Text": "0x1c"
        },
        "0x35-0x40000": {
          "Action": 11,
          "Text": "0x1d"
        },
        "0x36-0x40000": {
          "Action": 11,
          "Text": "0x1e"
        },
        "0x37-0x40000": {
          "Action": 11,
          "Text": "0x1f"
        },
        "0x38-0x40000": {
          "Action": 11,
          "Text": "0x7f"
        },
        "0x5b-0x100000-0x21": {
          "Action": 11,
          "Label": "\u2318[",
          "Text": "0x1 0x5b"
        },
        "0x5d-0x100000-0x1e": {
          "Action": 11,
          "Label": "\u2318]",
          "Text": "0x1 0x5d"
        },
        "0xf700-0x220000": {
          "Action": 10,
          "Text": "[1;2A"
        },
        "0xf700-0x240000": {
          "Action": 10,
          "Text": "[1;5A"
        },
        "0xf700-0x260000": {
          "Action": 10,
          "Text": "[1;6A"
        },
        "0xf700-0x280000": {
          "Action": 11,
          "Text": "0x1b 0x1b 0x5b 0x41"
        },
        "0xf700-0x300000-0x7e": {
          "Action": 11,
          "Label": "\u2318up",
          "Text": "0x1 0x7e"
        },
        "0xf701-0x220000": {
          "Action": 10,
          "Text": "[1;2B"
        },
        "0xf701-0x240000": {
          "Action": 10,
          "Text": "[1;5B"
        },
        "0xf701-0x260000": {
          "Action": 10,
          "Text": "[1;6B"
        },
        "0xf701-0x280000": {
          "Action": 11,
          "Text": "0x1b 0x1b 0x5b 0x42"
        },
        "0xf701-0x300000-0x7d": {
          "Action": 11,
          "Label": "\u2318down",
          "Text": "0x1 0x7d"
        },
        "0xf702-0x220000": {
          "Action": 10,